gameID,name,yearPublished,primaryPublisher,primaryCategory,minPlayers,maxPlayers,playingTime,usersRated,averageRating,owned,numComments,averageWeight
30549,Pandemic,2008,Z-Man Games,Medical,2,4,45,109006,7.58896,168364,17305,2.4063
822,Carcassonne,2000,Hans im Glück,City Building,2,5,45,108776,7.41837,161299,19263,1.9057
13,Catan,1995,KOSMOS,Economic,3,4,120,108064,7.13598,167733,19402,2.313
68448,7 Wonders,2010,Repos Production,Ancient,2,7,30,90021,7.73515,120466,14553,2.3264
36218,Dominion,2008,Rio Grande Games,Card Game,2,4,30,81582,7.61,106956,13787,2.3542
9209,Ticket to Ride,2004,Days of Wonder,Trains,2,5,60,76207,7.41291,105748,13061,1.8445
178900,Codenames,2015,Czech Games Edition,Card Game,2,8,15,74456,7.59814,119753,9810,1.2788
167791,Terraforming Mars,2016,FryxGames,Economic,1,5,120,74269,8.41702,101872,10818,3.2434
173346,7 Wonders Duel,2015,Repos Production,Ancient,2,2,30,69528,8.1083,111275,9525,2.2234
31260,Agricola,2007,Lookout Games,Animals,1,5,150,66107,7.92581,78591,13000,3.6395
3076,Puerto Rico,2002,alea,City Building,3,5,150,65455,7.96662,76019,12250,3.2769
148228,Splendor,2014,Space Cowboys,Card Game,2,4,30,64734,7.44,92366,9404,1.7939
169786,Scythe,2016,Stonemaier Games,Economic,1,5,115,64611,8.21868,86371,9852,3.4261
40692,Small World,2009,Days of Wonder,Fantasy,2,5,80,64580,7.246,86452,10129,2.3544
14996,Ticket to Ride: Europe,2005,Days of Wonder,Trains,2,5,60,63292,7.54362,92203,9215,1.9311
230802,Azul,2017,Next Move Games,Abstract Strategy,2,4,45,62860,7.79966,95533,8014,1.7639
70323,King of Tokyo,2011,IELLO,Dice,2,6,30,61141,7.16923,88090,10148,1.4901
129622,Love Letter,2012,Alderac Entertainment Group,Card Game,2,4,20,59484,7.23308,98395,10324,1.1914
2651,Power Grid,2004,2F-Spiele,Economic,2,6,120,58614,7.84218,70142,10625,3.2667
266192,Wingspan,2019,Stonemaier Games,Animals,1,5,70,56146,8.10005,83920,7781,2.4393
39856,Dixit,2008,Libellud,Card Game,3,6,30,54525,7.24135,76535,8570,1.2127
163412,Patchwork,2014,Lookout Games,Abstract Strategy,2,2,30,52225,7.63916,78730,6844,1.6239
84876,The Castles of Burgundy,2011,alea,Dice,2,4,90,50576,8.12675,67282,8270,2.9996
478,Citadels,2000,Hans im Glück,Bluffing,2,8,60,50194,7.07884,67271,9961,2.0529
28143,Race for the Galaxy,2007,Rio Grande Games,Card Game,2,4,60,48919,7.75712,59758,9989,2.987
110327,Lords of Waterdeep,2012,Wizards of the Coast,City Building,2,5,120,48671,7.7489,60079,8163,2.4588
174430,Gloomhaven,2017,Cephalofair Games,Adventure,1,4,120,47853,8.74356,77758,8569,3.8699
34635,Stone Age,2008,Hans im Glück,Dice,2,4,90,47258,7.55424,50290,8104,2.47
161936,Pandemic Legacy: Season 1,2015,Z-Man Games,Environmental,2,4,60,45064,8.5935,70830,6805,2.831
65244,Forbidden Island,2010,Gamewright,Adventure,2,4,30,44528,6.78364,77814,8515,1.74
1927,Munchkin,2001,Steve Jackson Games,Card Game,3,6,120,43759,5.89119,78849,8279,1.8051
12333,Twilight Struggle,2005,GMT Games,Modern Warfare,2,2,180,43064,8.27955,59604,9187,3.5926
120677,Terra Mystica,2012,Feuerland Spiele,Civilization,2,5,150,41823,8.1236,45604,6231,3.9674
98778,Hanabi,2010,ABACUSSPIELE,Card Game,2,5,25,41588,7.07224,68643,6977,1.6949
150376,Dead of Winter: A Crossroads Game,2014,Plaid Hat Games,Bluffing,2,5,120,41405,7.54132,56649,5888,3.0118
54043,Jaipur,2009,GameWorks SàRL,Animals,2,2,30,41215,7.50318,61710,6763,1.4844
11,Bohnanza,1997,AMIGO,Card Game,2,7,45,40113,7.04109,60282,8817,1.6746
10547,Betrayal at House on the Hill,2004,Avalon Hill Games Inc.,Adventure,3,6,60,39652,7.05682,64751,8335,2.3856
50,Lost Cities,1999,KOSMOS,Card Game,2,2,30,39535,7.19021,55282,9243,1.4914
131357,Coup,2012,Indie Boards & Cards,Bluffing,2,6,15,38758,6.99983,64873,6756,1.4095
147020,Star Realms,2014,Wise Wizard Games,Card Game,2,2,20,38577,7.57886,56427,6158,1.9391
133473,Sushi Go!,2013,Adventureland Games,Card Game,2,5,15,38019,7.04022,65495,5656,1.1638
70919,Takenoko,2011,Bombyx,Animals,2,4,45,38038,7.25965,58295,5669,1.9751
170216,Blood Rage,2015,Cool Mini Or Not,Fantasy,2,4,90,37572,7.99259,45286,5669,2.8762
15987,Arkham Horror,2005,Fantasy Flight Games,Adventure,1,8,240,37558,7.24971,49815,8622,3.5778
41114,The Resistance,2009,Indie Boards & Cards,Bluffing,5,10,30,37370,7.26526,57974,6382,1.6043
121921,Robinson Crusoe: Adventures on the Cursed Island,2012,Portal Games,Adventure,1,4,120,37107,7.81795,58160,6246,3.797
204583,Kingdomino,2016,Blue Orange (EU),City Building,2,4,15,36935,7.35009,61775,5307,1.2152
181304,Mysterium,2015,Libellud,Deduction,2,7,42,35262,7.28358,55040,4952,1.9093
183394,Viticulture Essential Edition,2015,Stonemaier Games,Economic,1,6,90,34792,8.05742,47547,4785,2.8925
157354,Five Tribes,2014,Days of Wonder,Animals,2,4,80,34594,7.77873,45028,5213,2.8545
463,Magic: The Gathering,1993,Wizards of the Coast,Bluffing,2,2,20,34402,7.53558,37698,7164,3.2235
37111,Battlestar Galactica: The Board Game,2008,Fantasy Flight Games,Bluffing,3,6,180,33964,7.74069,36726,6851,3.2462
126163,Tzolk'in: The Mayan Calendar,2012,Czech Games Edition,Ancient,2,4,90,33217,7.89039,38749,4935,3.669
205637,Arkham Horror: The Card Game,2016,Fantasy Flight Games,Adventure,1,2,120,33081,8.1617,59731,5262,3.4774
193738,Great Western Trail,2016,eggertspiele,American West,2,4,150,32984,8.29446,39730,4395,3.7124
162886,Spirit Island,2017,Greater Than Games LLC,Age of Reason,1,4,120,32239,8.36078,47538,5252,4.0289
201808,Clank!: A Deck-Building Adventure,2016,Renegade Game Studios,Adventure,2,4,60,31996,7.81497,42118,4277,2.2224
2655,Hive,2000,Gen42 Games,Abstract Strategy,2,2,20,31736,7.3235,42228,6589,2.323
181,Risk,1959,(Unknown),Territory Building,2,6,120,31723,5.5933,50362,7235,2.079
237182,Root,2018,Leder Games,Animals,2,4,90,31590,8.09779,48756,4810,3.7138
124361,Concordia,2013,PD-Verlag,Ancient,2,5,100,31531,8.12005,36532,5055,3.0145
194655,Santorini,2016,Roxley,Abstract Strategy,2,4,20,31525,7.43995,51083,4938,1.7261
146021,Eldritch Horror,2013,Fantasy Flight Games,Adventure,1,8,240,31490,7.78371,46708,4925,3.3197
157969,Sheriff of Nottingham,2014,Arcane Wonders,Bluffing,3,5,60,31472,7.12023,47520,4817,1.6528
40834,Dominion: Intrigue,2009,Rio Grande Games,Card Game,2,6,30,31226,7.70967,45243,4277,2.4211
31481,Galaxy Trucker,2007,Czech Games Edition,Real-time,2,4,60,30973,7.38915,34506,6116,2.3271
171,Chess,1475,(Public Domain),Abstract Strategy,2,2,0,30820,7.15428,43531,6840,3.6882
1406,Monopoly,1933,(Unknown),Economic,2,8,180,30817,4.37245,43316,7072,1.6377
199561,Sagrada,2017,Floodgate Games,Dice,1,4,45,30324,7.51438,47581,4277,1.9263
103343,A Game of Thrones: The Board Game (Second Edition),2011,Fantasy Flight Games,Bluffing,3,6,240,30266,7.57953,41349,4466,3.7242
6249,Alhambra,2003,Queen Games,Arabian,2,6,60,30166,7.03018,36994,6612,2.1039
102794,Caverna: The Cave Farmers,2013,Lookout Games,Animals,1,7,210,29797,8.00149,37795,4813,3.791
244521,The Quacks of Quedlinburg,2018,Schmidt Spiele,Medieval,2,4,45,29683,7.84596,45597,4069,1.9544
96848,Mage Knight Board Game,2011,WizKids,Adventure,1,4,240,29417,8.09905,41236,5857,4.3281
199792,Everdell,2018,Starling Games (II),Animals,1,4,80,29041,8.09578,44349,4151,2.8159
39463,Cosmic Encounter,2008,Fantasy Flight Games,Bluffing,3,5,120,28836,7.53737,35836,5851,2.576
128882,The Resistance: Avalon,2012,Indie Boards & Cards,Bluffing,5,10,30,28818,7.56401,41014,4287,1.7638
205059,Mansions of Madness: Second Edition,2016,Fantasy Flight Games,Adventure,1,5,180,28536,8.02361,44483,3898,2.673
143884,Machi Koro,2012,Grounding,City Building,2,4,30,28415,6.62384,45010,4943,1.5288
320,Scrabble,1948,(Unknown),Word Game,2,4,90,28248,6.27385,51494,6316,2.0864
132531,Roll for the Galaxy,2014,Rio Grande Games,Civilization,2,5,45,28229,7.64788,34289,4292,2.7732
35677,Le Havre,2008,Lookout Games,City Building,1,5,150,27996,7.86711,32167,5483,3.7352
3955,BANG!,2002,dV Giochi,American West,4,7,40,27833,6.50794,34385,5987,1.6329
124742,Android: Netrunner,2012,Fantasy Flight Games,Bluffing,2,2,45,27695,7.8759,42665,5721,3.3938
9220,Saboteur,2004,AMIGO,Bluffing,3,10,30,27580,6.56369,44945,4899,1.3251
18602,Caylus,2005,Ystari Games,City Building,2,5,150,27494,7.7513,27326,6205,3.8019
136063,Forbidden Desert,2013,Gamewright,Adventure,2,5,45,27201,7.12333,46836,4532,2.0486
148949,Istanbul,2014,Pegasus Spiele,Economic,2,5,60,27086,7.56871,32271,3985,2.5852
72125,Eclipse,2011,Lautapelit.fi,Civilization,2,6,180,26851,7.87699,27016,4872,3.6996
158899,Colt Express,2014,Ludonaute,American West,2,6,40,26861,7.11106,37698,4053,1.822
10630,Memoir '44,2004,Days of Wonder,Miniatures,2,8,60,26847,7.55837,35884,6674,2.2724
42,Tigris & Euphrates,1997,Hans im Glück,Ancient,2,4,90,26160,7.69636,29340,6657,3.506
15062,Shadows over Camelot,2005,Days of Wonder,Adventure,3,7,80,26091,7.11218,32186,6028,2.5664
192291,Sushi Go Party!,2016,Gamewright,Card Game,2,8,20,25871,7.44587,46269,3608,1.3124
172,For Sale,1997,2 Pionki,Card Game,3,6,30,25692,7.22751,30979,6121,1.2595
182028,Through the Ages: A New Story of Civilization,2015,Czech Games Edition,Card Game,2,4,120,25615,8.38379,30070,3798,4.4131
187645,Star Wars: Rebellion,2016,Fantasy Flight Games,Civil War,2,4,240,25603,8.42463,39321,3937,3.7289
224517,Brass: Birmingham,2018,Roxley,Economic,2,4,120,25515,8.66343,38126,3824,3.8988
146508,T.I.M.E Stories,2015,Space Cowboys,Adventure,2,4,90,25079,7.50078,37124,3850,2.5956
284083,The Crew: The Quest for Planet Nine,2019,KOSMOS,Card Game,2,5,20,25012,7.96895,50500,3342,1.9899
172225,Exploding Kittens,2015,Ad Magic Inc.,Animals,2,5,15,24803,6.04318,51347,4034,1.0802
122522,Smash Up,2012,Alderac Entertainment Group,Card Game,2,4,45,24780,6.73432,40843,4184,2.0637
16992,Tsuro,2004,Calliope Games,Abstract Strategy,2,8,20,24647,6.6708,35406,4986,1.234
50381,Cards Against Humanity,2009,Cards Against Humanity LLC,Card Game,4,30,30,24643,5.86165,42450,4836,1.1923
164928,Orléans,2014,dlp games,Medieval,2,4,90,24610,8.07449,30344,3691,3.0398
93,El Grande,1995,Hans im Glück,Medieval,2,5,120,24485,7.74964,23510,5357,3.051
2453,Blokus,2000,Educational Insights,Abstract Strategy,2,4,20,24059,6.87492,32851,5254,1.7617
153938,Camel Up,2014,eggertspiele,Animals,2,8,30,24006,7.03999,30484,3743,1.4751
103885,Star Wars: X-Wing Miniatures Game,2012,Fantasy Flight Games,Aviation / Flight,2,2,45,23718,7.67086,38904,3920,2.4889
104162,Descent: Journeys in the Dark (Second Edition),2012,Fantasy Flight Games,Adventure,1,5,120,23640,7.66731,37103,3950,3.2072
147949,One Night Ultimate Werewolf,2014,Bézier Games,Bluffing,3,10,10,23184,7.11791,40501,3849,1.3866
2223,UNO,1971,(Unknown),Number,2,10,30,23150,5.41271,43200,4472,1.1145
155426,Castles of Mad King Ludwig,2014,Bézier Games,City Building,1,4,90,23136,7.54253,29264,3906,2.6536
100423,Elder Sign,2011,Fantasy Flight Games,Adventure,1,8,90,23119,6.9778,37310,4590,2.3508
432,6 nimmt!,1994,AMIGO,Card Game,2,10,45,22954,6.92954,32034,4951,1.2054
18,RoboRally,1994,Wizards of the Coast,Maze,2,8,120,22884,7.0765,26350,5498,2.4302
8217,San Juan,2004,alea,Card Game,2,4,60,22714,7.24762,24700,5615,2.2865
244992,The Mind,2018,Nürnberger-Spielkarten-Verlag,Card Game,2,4,20,22705,6.86787,38703,3271,1.0714
123260,Suburbia,2012,Bézier Games,City Building,1,4,90,22509,7.50845,25847,4026,2.7699
154203,Imperial Settlers,2014,Portal Games,Ancient,1,4,90,22229,7.37683,29818,3576,2.7692
123540,Tokaido,2012,Funforge,Travel,2,5,45,22200,6.97117,32056,3768,1.749
2653,Survive: Escape from Atlantis!,1982,Parker Brothers,Adventure,2,4,60,22084,7.31187,32152,4678,1.7024
108745,Seasons,2012,Libellud,Card Game,2,4,60,22017,7.39504,25849,3551,2.7732
176494,Isle of Skye: From Chieftain to King,2015,Lookout Games,Economic,2,5,50,21986,7.42032,28776,3334,2.2488
100901,Flash Point: Fire Rescue,2011,Indie Boards & Cards,Adventure,2,6,45,21960,7.19203,34546,4312,2.2044
12942,No Thanks!,2004,AMIGO,Card Game,3,7,20,21913,7.05648,30143,5140,1.1372
77423,The Lord of the Rings: The Card Game,2011,Fantasy Flight Games,Adventure,1,2,60,21848,7.6544,33878,4471,3.184
171623,The Voyages of Marco Polo,2015,Hans im Glück,Dice,2,4,100,21799,7.83957,24058,3172,3.1859
164153,Star Wars: Imperial Assault,2014,Fantasy Flight Games,Adventure,1,5,120,21800,7.99836,37103,3287,3.3048
233867,Welcome To...,2018,Blue Cocker Games,City Building,1,100,25,21550,7.59704,33994,2867,1.8227
104006,Village,2011,eggertspiele,Farming,2,4,90,21171,7.51602,27435,3453,3.0736
143741,BANG! The Dice Game,2013,dV Giochi,American West,3,8,15,21131,6.93881,33466,3887,1.2784
28720,Brass: Lancashire,2007,Roxley,Economic,2,4,120,20919,8.1818,27412,4553,3.8616
107529,Kingdom Builder,2011,Queen Games,Medieval,2,4,45,20847,6.96022,26018,4092,2.0615
188834,Secret Hitler,2016,Goat Wolf & Cabbage,Bluffing,5,10,45,20834,7.54907,28814,3200,1.6784
129437,Legendary: A Marvel Deck Building Game,2012,Upper Deck Entertainment,Card Game,1,5,60,20693,7.5621,31601,3702,2.4388
236457,Architects of the West Kingdom,2018,Garphill Games,City Building,1,5,80,20633,7.80514,29106,3034,2.7621
209685,Century: Spice Road,2017,Plan B Games,Card Game,2,5,45,20396,7.3544,26539,3109,1.7819
73439,Troyes,2010,Pearl Games,Dice,1,4,90,20221,7.75095,22930,3839,3.463
122515,Keyflower,2012,R&D Games,City Building,2,6,120,20148,7.78241,23435,3590,3.3443
177736,A Feast for Odin,2016,Feuerland Spiele,Economic,1,4,120,20093,8.20517,27097,3176,3.857
8203,Hey That's My Fish!,2003,Bambus Spieleverlag,Abstract Strategy,2,4,20,20075,6.69992,25819,5134,1.4541
37046,Ghost Stories,2008,Repos Production,Fantasy,1,4,60,20016,7.30785,26249,4371,2.9046
116,Guillotine,1998,Wizards of the Coast,Card Game,2,5,30,19942,6.53347,29043,4669,1.2673
12,Ra,1999,alea,Ancient,2,5,60,19763,7.47951,19161,5231,2.3496
161970,Alchemists,2014,Czech Games Edition,Deduction,2,4,120,19572,7.66852,25769,3014,3.9119
166384,Spyfall,2014,Hobby World,Bluffing,3,8,15,19193,6.85207,26609,3114,1.2378
220308,Gaia Project,2017,Feuerland Spiele,Economic,1,4,150,19183,8.47268,24230,2752,4.3658
218603,Photosynthesis,2017,Blue Orange (EU),Abstract Strategy,2,4,60,18873,7.09107,31083,2846,2.2742
54998,Cyclades,2009,Matagot,Ancient,2,5,90,18852,7.51932,21079,3458,2.8182
5782,Coloretto,2003,ABACUSSPIELE,Animals,2,5,30,18806,6.97041,24286,4619,1.2814
180263,The 7th Continent,2017,Serious Poulp,Adventure,1,4,1000,18806,8.04625,33323,4032,2.8907
62219,Dominant Species,2010,GMT Games,Animals,2,6,240,18786,7.83735,20287,4061,4.0424
27162,Kingsburg,2007,Stratelibri,City Building,2,5,90,18744,7.18593,17433,3920,2.4274
5,Acquire,1964,3M,Economic,2,6,90,18721,7.33797,23795,5861,2.5019
21790,Thurn and Taxis,2006,Hans im Glück,Post-Napoleonic,2,4,60,18703,7.09817,20983,4130,2.2595
12493,Twilight Imperium: Third Edition,2005,Fantasy Flight Games,Civilization,3,6,240,18623,7.82571,20297,4354,4.2539
198773,Codenames: Pictures,2016,Czech Games Edition,Card Game,2,8,15,18640,7.23858,32261,2643,1.245
2511,Sherlock Holmes Consulting Detective: The Thames Murders & Other Cases,1982,Sleuth Publications,Deduction,1,8,120,18566,7.70146,35301,3504,2.6817
54,Tikal,1999,Ravensburger,Exploration,2,4,90,18520,7.33212,24250,4268,2.7909
1294,Clue,1949,Hasbro,Bluffing,2,6,45,18448,5.67028,32579,4602,1.656
25613,Through the Ages: A Story of Civilization,2006,Czech Board Games,Civilization,2,4,120,18379,7.90336,17628,4053,4.1748
170042,Raiders of the North Sea,2015,Garphill Games,Medieval,2,4,80,18327,7.77011,23988,2798,2.5312
15512,Diamant,2005,Eagle-Gryphon Games,Adventure,3,8,30,18123,6.82429,22542,5453,1.1118
118,Modern Art,1992,Hans im Glück,Card Game,3,5,45,18119,7.43915,22554,4659,2.2995
74,Apples to Apples,1999,Beverly Enterprises Inc.,Card Game,4,10,30,18052,5.79461,26668,5186,1.1588
92828,Dixit: Odyssey,2011,Libellud,Card Game,3,12,30,17979,7.44377,25257,2224,1.1858
43570,Friday,2011,2F-Spiele,Adventure,1,1,25,17929,7.13639,31216,3848,2.1468
156129,Deception: Murder in Hong Kong,2014,Jolly Thinkers,Bluffing,4,12,20,17927,7.4898,26648,3074,1.5906
37904,Formula D,2008,Asmodee,Racing,2,10,60,17847,7.01573,24294,3222,1.9743
167355,Nemesis,2018,Awaken Realms,Adventure,1,5,180,17710,8.38755,26068,3030,3.3824
124708,Mice and Mystics,2012,Plaid Hat Games,Adventure,1,4,90,17623,7.28616,34759,3669,2.7153
205896,Rising Sun,2018,CMON Global Limited,Bluffing,3,5,120,17503,7.83483,22845,2987,3.2825
171131,Captain Sonar,2016,Matagot,Deduction,2,8,60,17428,7.55405,24096,2946,2.1634
244522,That's Pretty Clever!,2018,Schmidt Spiele,Dice,1,4,30,17403,7.62365,26934,2469,1.884
113924,Zombicide,2012,CMON Global Limited,Horror,1,6,60,17283,7.14059,24644,2741,2.5435
209778,Magic Maze,2017,Sit Down!,Exploration,1,8,15,17274,7.01784,26428,2455,1.7569
160477,Onitama,2014,conception,Abstract Strategy,2,2,20,17209,7.38691,25932,2968,1.6835
25669,Qwirkle,2006,MindWare,Abstract Strategy,2,4,45,17197,6.77722,31076,3559,1.6169
127023,Kemet,2012,Matagot,Ancient,2,5,120,17193,7.70222,19420,2883,2.9971
28023,Jamaica,2007,GameWorks SàRL,Nautical,2,6,60,17115,7.05614,23270,3473,1.6516
163967,Tiny Epic Galaxies,2015,Gamelyn Games,Dice,1,5,45,17116,7.36259,30491,3037,2.1554
239188,Chronicles of Crime,2018,Lucky Duck Games,Adventure,1,4,90,17122,7.73296,28591,2953,2.0722
118048,Targi,2012,KOSMOS,Card Game,2,2,60,16988,7.64216,26418,2911,2.3558
194594,Dice Forge,2017,Libellud,Ancient,2,4,45,16967,7.27204,25958,2434,1.9661
312484,Lost Ruins of Arnak,2020,Czech Games Edition,Adventure,1,4,120,16933,8.11465,27514,2331,2.8541
62871,Zombie Dice,2010,Steve Jackson Games,Dice,2,99,20,16811,6.2167,32001,3353,1.0991
24480,The Pillars of the Earth,2006,KOSMOS,Economic,2,4,120,16790,7.28262,20688,3651,2.8209
147151,Concept,2013,Repos Production,Deduction,4,12,40,16770,6.80473,26470,2587,1.3912
216132,Clans of Caledonia,2017,Karma Games,Economic,1,4,120,16724,7.98675,19267,2550,3.4588
263918,Cartographers,2019,Thunderworks Games,Fantasy,1,100,45,16729,7.71772,29933,2272,1.8842
224037,Codenames: Duet,2017,Czech Games Edition,Card Game,2,2,30,16718,7.53448,33277,2442,1.3454
92415,Skull,2011,Lui-même,Bluffing,3,6,45,16547,7.2041,24584,2730,1.1325
258,Fluxx,1997,Looney Labs,Card Game,2,6,30,16508,5.67209,28025,4155,1.3893
127398,Legends of Andor,2012,KOSMOS,Adventure,2,4,90,16290,7.18335,27729,2860,2.7655
760,Battle Line,2000,GMT Games,Ancient,2,2,30,16174,7.41393,19787,4706,1.8992
21763,Mr. Jack,2006,Hurrican,Deduction,2,2,30,16109,6.99947,20533,3497,2.1764
9674,Ingenious,2004,KOSMOS,Abstract Strategy,1,4,45,16056,7.11718,19572,4037,1.9135
233078,Twilight Imperium: Fourth Edition,2017,Fantasy Flight Games,Civilization,3,6,480,16036,8.67603,20542,2456,4.261
